{
	"tracker_broadcast":
	{
		"type": "array",
		"background": "#000000",
		"dropshadow": true,
		"margin": "0,0",
		"content":
		[
			{
				"type": "array",
				"orientation": "horizontal",
				"margin": "0,0",
				"content":
				[
					{
						"type": "itemgrid",
						"h_alignment": "center",
						"item_margin": "1,1",
						"item_size": 64,
						"rows":
						[
							[ "Whelk", "LoneWolf", "Kefka" ],
							[ "tunnelArmor", "Vargas", "LeteRiver" ],
							[ "ImperialCamp", "WoBDoma", "PhantomTrain" ],
							[ "BarenFalls", "SerpentTrench", "ZozoRamuh" ],
							[ "WoBThamasa", "EsperMtn", "OperaHouse" ],
							[ "GauManor", "Magitek"],
						]
					},
					{
						"type": "itemgrid",
						"h_alignment": "Center",
						"item_margin": "1,1",
						"item_size": 64,
						"background": "#004000",
						"rows":
						[
							
							[ "VeldtJerky", "KohlingenDoge" ],
							[ "ChainedCeles", "FigThrone" ],
							[ "Auctioneer", "TzenThief" ],
							[ "MtZozo", "Float" ],
							[  ,],
							[ "Char", "Esper" ],
						]
					},
					{
						"type": "itemgrid",
						"h_alignment": "center",
						"item_margin": "1,1",
						"item_size": 64,
						"rows":
						[
							[ "NarsheWpn", "Tritoch", "Umaro" ],
							[ "FigCave", "AncientCastle", "Phunbaba" ],
							[ "TzenHouse", "ZoneEater", "DoomGaze" ],
							[ "WoRVeldt", "DarillTomb", "Owzer" ],
							[ "EbotsRock", "FanaticsTower", "AtmaWpn" ],
							[ "Dragon", "WoRDoma", "PhoenixCave" ],
						]
					}
				]
			}
		]
	},
	"tracker_capture_item":
	{
		"type": "container",
		"content":
		{
			"type": "layout",
			"key": "shared_item_grid"
		}
	},
	"tracker_default":
	{
		"type": "container",
		"width": 512,
		"height": 384,
		"content":
		{
			"type": "layout",
			"dropshadow": true,
			"margin": 0,
			"key": "shared_item_grid"
		}
	}
}