{
	"tracker_broadcast":
	{
		"type": "array",
		"background": "#FF00FF",
		"dropshadow": true,
		"margin": "0,0",
		"content":
		[
			{
			"type": "array",
			"orientation": "horizontal",
			"margin": "0,0",
			"content":
			[
					{
						"type": "itemgrid",
						"h_alignment": "center",
						"item_margin": "1,1",
						"item_size": 64,
						"rows":
						[
							[ "Whelk", "LoneWolf", "Kefka" ],
							[ "tunnelArmor", "Vargas", "LeteRiver" ],
							[ "ImperialCamp", "WoBDoma", "PhantomTrain" ],
							[ "BarenFalls", "SerpentTrench", "ZozoRamuh" ],
							[ "WoBThamasa", "EsperMtn", "OperaHouse" ],
							[ "GauManor", "Magitek", "sealCave"],

						]
					},
					{
						"type": "itemgrid",
						"h_alignment": "Center",
						"item_margin": "1,1",
						"item_size": 64,
						"rows":
						[
							
							[ "VeldtJerky", "KohlingenDoge" ],
							[ "ChainedCeles", "FigThrone" ],
							[ "Auctioneer", "TzenThief" ],
							[ "Float" ],
							[  ,],
							[ "Char", "Esper" ],
						]
					},
					{
						"type": "itemgrid",
						"h_alignment": "center",
						"item_margin": "1,1",
						"item_size": 64,
						"rows":
						[
							[ "NarsheWpn", "Tritoch", "UmaroNrsh" ],
							[ "FigCave", "AncientCastle", "Phunbaba" ],
							[ "TzenHouse", "ZoneEater", "DoomGaze" ],
							[ "MtZozo", "DarillTomb", "Owzer" ],
							[ "EbotsRock", "FanaticsTower", "AtmaWpn" ],
							[ "WoRVeldt", "WoRDoma", "PhoenixCave" ],
						]
					}
			]
		},
		{
			"type": "array",
			"orientation": "horizontal",
			"margin": "0,0",
			"content":
			[
			{
				"type": "itemgrid",
				"h_alignment": "center",
				"item_margin": "1,1",
				"item_size": 64,
				"rows":
				[
					[ "StormDragon", "IceDragon", "RedDragon" ]
				]
			},
			{
				"type": "itemgrid",
				"h_alignment": "center",
				"item_margin": "1,1",
				"item_size": 64,
				"rows":
				[
					[ "BlueDragon", "WhiteDragon" ]
				]
			},
			{
				"type": "itemgrid",
				"h_alignment": "center",
				"item_margin": "1,1",
				"item_size": 64,
				"rows":
				[
					[ "DirtDragon", "GoldDragon", "SkullDragon" ]
				]
			},
			]
		}
		]
	},
	"tracker_capture_item":
	{
		"type": "container",
		"content":
		{
			"type": "layout",
			"key": "shared_item_grid"
		}
	},
	"tracker_default":
	{
		"type": "container",
		"width": 615,
		"height": 607,
		"content":
		{
			"type": "layout",
			"dropshadow": true,
			"margin": 0,
			"key": "shared_item_grid"
		}
	}
}